id,name,model_id:id,group_id:id,perm_read,perm_write,perm_create,perm_unlink
access_mobile_request,mobile.request,model_mobile_request,base.group_user,1,1,1,1
access_service_request,service.request,model_service_request,base.group_user,1,1,1,1
access_complaint_request,complaint.request,model_complaint_request,base.group_user,1,1,1,1
access_parts_inventory,parts.inventory,model_parts_inventory,base.group_user,1,1,1,1
access_configuration_model,configuration.model,model_configuration_model,base.group_user,1,1,1,1
access_configuration_complaint_template,configuration.complaint_template,model_configuration_complaint_template,base.group_user,1,1,1,1
access_configuration_complaint_type,configuration.complaint_type,model_configuration_complaint_type,base.group_user,1,1,1,1
access_configuration_terms_condition,configuration.terms_condition,model_configuration_terms_condition,base.group_user,1,1,1,1


